{"pair":"btc_ltc","rate":190.94096011,"minerFee":0.001,"limit":1.34488862,"minimum":0.00001044,"maxLimit":3.36222156}